time,mean,standard deviation
0:00,108.6185586,26.67194958
0:01,109.1657,27.57077819
0:02,109.8818069,24.25055794
0:03,109.680231,27.94726791
0:04,109.7767517,26.95157621
0:05,108.3106931,25.90048198
0:06,108.9443517,28.07546232
0:07,112.5281379,28.51103323
0:08,109.8456345,26.33835349
0:09,109.6860069,27.80252702
0:10,107.6526724,27.76417236
0:11,109.6615448,24.8662965
0:12,109.4322103,27.78553759
0:13,108.3515069,27.45985657
0:14,109.5358483,27.55902311
0:15,110.6153138,27.06944717
0:16,111.1387207,27.07257193
0:17,113.4698,25.23175278
0:18,108.7374207,27.2317838
0:19,109.7209793,29.07283059
0:20,109.6855759,31.08661038
0:21,109.8030414,30.68028779
0:22,109.5794517,28.2866739
0:23,112.7343414,30.13139351
0:24,111.5535276,29.12595321
0:25,109.8984241,27.8900724
0:26,110.2874,28.85581108
0:27,112.9558241,27.66018672
0:28,111.2363862,27.88677412
0:29,111.0673241,33.32988243
0:30,113.0064,29.87027952
0:31,114.0092138,31.4389369
0:32,115.4778103,27.77798509
0:33,113.8769034,23.37754342
0:34,111.8855172,15.88558887
0:35,111.0211517,13.18981994
0:36,111.8907345,10.17909114
0:37,109.8852034,11.33165141
0:38,108.0678138,13.79289888
0:39,107.6901586,13.87546895
0:40,104.2950207,19.36930536
0:41,106.6758897,23.16390015
0:42,104.3156345,23.41504179
0:43,105.9361172,24.56282309
0:44,104.0059966,23.64108047
0:45,104.7437241,24.37115058
0:46,106.1907586,25.17910363
0:47,105.0974828,24.97119055
0:48,108.0391655,26.73308436
0:49,105.4112172,24.10957957
0:50,105.6586241,23.8325346
0:51,105.4336138,24.95025356
0:52,107.3471034,24.96908483
0:53,107.9179,25.07164748
0:54,106.5606862,23.33397151
0:55,104.4482069,23.89172931
0:56,107.8588966,26.18501222
0:57,108.6561931,24.36771129
0:58,106.1327655,23.34980568
0:59,105.9942621,24.1932643
1:00,110.098969,25.16971438
1:01,108.3332345,24.46193096
1:02,108.7537931,24.65558086
1:03,109.2565552,25.67128621
1:04,109.5769621,25.28174285
1:05,111.681069,26.3131842
1:06,114.5655793,26.42354658
1:07,113.0013207,25.13109053
1:08,109.9847655,25.56943815
1:09,112.5637069,27.30930271
1:10,110.2112517,24.27524746
1:11,110.7056483,25.08792359
1:12,107.6511793,26.55697733
1:13,108.9022552,24.76149589
1:14,109.7407621,25.75881595
1:15,111.8255655,26.2058406
1:16,113.3107138,25.65018671
1:17,112.4504966,26.18726308
1:18,112.0630724,25.93856381
1:19,115.0414172,27.17889797
1:20,112.6506103,28.20669404
1:21,111.293469,26.62283715
1:22,112.0720345,28.92319411
1:23,111.5905069,30.36132018
1:24,109.8807931,30.98063788
1:25,110.0926207,32.21115866
1:26,110.6248,33.29151152
1:27,111.8787483,34.42761047
1:28,111.2945241,33.79567775
1:29,110.4410793,33.1521942
1:30,109.9363966,34.5833994
1:31,106.4031862,38.32483705
1:32,108.9578034,40.76128641
1:33,112.9754448,43.00177267
1:34,112.0861207,41.74223078
1:35,111.6054241,43.50156478
1:36,114.416569,43.52290356
1:37,111.2417345,41.69710428
1:38,112.2010276,42.40746404
1:39,112.1156138,42.74681966
1:40,111.950131,41.46723924
1:41,112.7961793,42.05817555
1:42,112.7029793,43.39798423
1:43,113.1905103,42.94095185
1:44,113.5829103,42.99183359
1:45,114.0468931,43.67257212
1:46,114.3931828,43.92857305
1:47,117.5549,44.58316496
1:48,113.870669,42.69290953
1:49,113.4817207,41.80801495
1:50,113.0826414,41.66999813
1:51,117.0248276,43.86301249
1:52,120.0022931,45.56509066
1:53,119.1420448,45.1156744
1:54,119.4646931,45.90019698
1:55,120.6599586,46.37734958
1:56,119.0367655,46.1836079
1:57,119.3554172,45.49694421
1:58,123.4052621,47.74229695
1:59,121.9423138,47.77586986
2:00,121.4435897,46.29545361
2:01,119.5671172,44.90585594
2:02,120.785869,45.77148929
2:03,122.1723379,46.8525277
2:04,122.9669586,47.03438199
2:05,125.4739897,47.11612354
2:06,124.5420655,47.46215912
2:07,126.5188793,48.77861268
2:08,124.5734276,48.21112565
2:09,126.6940966,48.90933662
2:10,127.4294586,49.75823424
2:11,126.5488379,49.6270781
2:12,127.4984379,50.35397533
2:13,122.1368103,54.35131734
2:14,123.8568552,53.87230514
2:15,123.8746621,55.1474708
2:16,128.7459069,56.9365757
2:17,129.8227586,56.5665786
2:18,127.7010897,56.23690946
2:19,129.0351276,56.50034823
2:20,128.8318138,56.43506399
2:21,125.0753724,54.95138449
2:22,125.5241034,55.3191094
2:23,127.9392517,57.71913421
2:24,131.0016414,58.78586749
2:25,130.4248586,58.50570072
2:26,128.9092172,58.73435203
2:27,135.8182517,63.57154146
2:28,132.7196,56.50918468
2:29,131.9757517,51.37194352
2:30,137.3773138,53.02254534
2:31,143.1973655,56.74829963
2:32,143.2474276,55.2121106
2:33,144.9904897,56.69088483
2:34,143.8331241,56.72715389
2:35,140.611831,57.27161099
2:36,147.0634034,59.54828071
2:37,142.2509655,53.72816447
2:38,143.0384034,51.5786275
2:39,153.8017069,49.61811079
2:40,150.1194655,47.01217204
2:41,149.8205034,48.09702126
2:42,154.2676862,49.70744241
2:43,155.2620862,48.60355999
2:44,159.9228897,44.75673048
2:45,167.8999828,48.95383133
2:46,171.4524207,51.99021558
2:47,169.8829862,49.60733906
2:48,168.989369,49.9610917
2:49,167.8496069,50.03126707
2:50,169.8665621,50.16198464
2:51,171.2261828,51.03295128
2:52,169.0263103,52.8492755
2:53,171.2655724,51.67995394
2:54,172.2384517,48.40965972
2:55,172.3293069,51.29639061
2:56,171.4338655,53.67315153
2:57,178.0200966,54.46648435
2:58,175.9595552,51.2173915
2:59,177.1475931,52.7393703
3:00,175.9110931,49.80014109
3:01,179.2901034,51.63333443
3:02,180.0981103,53.27641236
3:03,179.6921793,55.01687271
3:04,181.0107966,51.55498794
3:05,182.9696241,54.0052655
3:06,182.0317828,51.72008702
3:07,182.7206276,51.90721205
3:08,183.5306966,53.48356266
3:09,189.327569,57.75612397
3:10,191.1570931,61.55978872
3:11,191.9101448,59.51896784
3:12,192.0380552,58.1158487
3:13,199.2418586,55.22895967
3:14,204.7794621,50.5750515
3:15,201.5238034,53.71717929
3:16,201.5218621,54.55660915
3:17,204.6276724,53.53453044
3:18,206.597769,54.15829754
3:19,204.5559586,53.55307541
3:20,206.0232276,51.31973443
3:21,205.7557828,55.79895759
3:22,205.2538241,52.11139807
3:23,209.6227759,55.71393691
3:24,207.554431,50.94401228
3:25,211.0743621,53.80536354
3:26,216.2806759,54.96565183
3:27,215.7898793,61.8682418
3:28,212.1542,61.34464092
3:29,219.5113,56.1376938
3:30,220.657869,60.13547179
3:31,221.3577931,62.28027519
3:32,224.2561069,59.86980573
3:33,225.9182586,62.33230941
3:34,224.0373517,58.74145876
3:35,225.4517621,65.74427128
3:36,226.1946552,66.4791294
3:37,223.0331241,66.01299153
3:38,227.1312517,64.59175861
3:39,227.107331,59.47430875
3:40,224.6962276,53.41086434
3:41,222.264569,54.67628043
3:42,225.151269,52.67592905
3:43,224.2945862,55.67246178
3:44,230.2062,53.27153813
3:45,225.5764897,54.69981773
3:46,228.3280103,55.62000943
3:47,230.6919655,55.29636547
3:48,231.9481483,58.74327013
3:49,230.4265621,54.57446554
3:50,230.0625655,57.01495702
3:51,232.9746069,56.49945566
3:52,236.2789172,51.42586195
3:53,234.294069,56.26186152
3:54,232.6695172,60.01279856
3:55,234.1137414,61.98546098
3:56,237.0961448,59.07412664
3:57,242.8556207,61.09117077
3:58,240.2590862,58.22365823
3:59,240.9075448,58.65602951
4:00,235.2576276,52.06765035
4:01,233.6652,48.74910416
4:02,235.7546345,44.70596312
4:03,239.4846448,47.13092238
4:04,237.6984276,47.30383436
4:05,238.7627069,49.29972357
4:06,235.508569,49.39345052
4:07,237.4787655,45.86419183
4:08,237.1786931,48.2315782
4:09,238.7733897,49.30852021
4:10,235.3658241,49.12627711
4:11,244.4987966,48.1479274
4:12,243.2516862,50.46008889
4:13,241.7998069,51.35965759
4:14,245.3614103,45.8809861
4:15,242.9766241,44.30611845
4:16,240.3109586,38.74892594
4:17,243.266069,30.39894069
4:18,238.3444586,27.036477
4:19,241.3516241,30.33740428
4:20,237.8902862,27.71529945
4:21,241.5234828,28.08010743
4:22,246.4799138,29.86131023
4:23,244.2521448,33.13473345
4:24,247.7450724,28.70896259
4:25,243.3838931,31.34984272
4:26,243.8552069,27.49776482
4:27,249.1244793,28.4075136
4:28,245.9098828,26.10726013
4:29,248.7545552,26.40884043
4:30,243.9103172,25.96958831
4:31,246.5450207,27.59806189
4:32,248.418931,30.96249922
4:33,251.400369,29.86658312
4:34,244.2860862,24.84303003
4:35,248.9343345,26.46053747
4:36,248.8475931,30.67683945
4:37,248.7018414,26.59904059
4:38,246.8976207,27.19320197
4:39,256.002131,30.99860737
4:40,250.9946103,27.55131025
4:41,254.2526552,30.28314224
4:42,257.4451483,31.64715025
4:43,253.595131,23.92208974
4:44,253.5256138,37.56440245
4:45,258.4971276,34.81131449
4:46,252.7764207,25.88862058
4:47,256.4361379,32.28788748
4:48,262.0501103,30.46945766
4:49,258.3882931,30.03871762
4:50,258.4358724,27.71825013
4:51,261.9203586,35.32539352
4:52,269.4318586,28.72757349
4:53,263.3309103,32.34866352
4:54,262.982069,32.07495846
4:55,263.6189517,25.92523064
4:56,263.1879655,30.94732479
4:57,266.659569,28.36353237
4:58,264.2831828,31.36975945
4:59,267.8589655,27.20525953
5:00,268.1208069,25.56739066
5:01,269.9354172,30.48593909
5:02,267.9856586,22.84435973
5:03,274.6364138,28.89810869
5:04,273.7958793,28.42272184
5:05,267.8097448,30.94243895
5:06,271.131031,31.32181581
5:07,271.5452069,32.33959773
5:08,262.1645345,28.4123041
5:09,271.501469,28.27149849
5:10,276.0997276,33.61879456
5:11,273.6682448,35.87398519
5:12,272.1846862,32.09639173
5:13,271.7866793,30.75671777
5:14,272.3409172,29.68905757
5:15,271.9365241,29.38241395
5:16,275.8458172,31.59638051
5:17,282.6199138,33.2718847
5:18,273.9247379,30.81005877
5:19,277.7803897,25.29468307
5:20,271.6754276,22.7781458
5:21,270.1633172,30.07602174
5:22,271.2634552,30.74537453
5:23,270.9236034,25.84459651
5:24,274.3629103,25.959154
5:25,270.0269517,35.56197159
5:26,276.0243103,38.49828084
5:27,275.037731,33.71181613
5:28,275.8010931,33.03153748
5:29,280.3382448,29.07467818
5:30,280.7961655,27.16002757
5:31,273.6364172,32.80236944
5:32,277.0651345,28.83952176
5:33,278.830369,27.99571369
5:34,276.680269,34.73223485
5:35,279.7744655,44.25747326
5:36,293.9539828,31.34735676
5:37,287.0877207,28.35189768
5:38,277.4982897,39.17572622
5:39,289.8468069,44.38000858
5:40,284.3716345,34.39582377
5:41,286.2730724,31.14239989
5:42,281.328731,29.15632863
5:43,287.2053483,29.33143905
5:44,281.8585345,36.47505173
5:45,290.1393793,42.11356362
5:46,291.2441,31.69059591
5:47,287.2643172,30.30626753
5:48,286.6759379,32.59091348
5:49,290.9286517,35.17803656
5:50,291.1861966,33.3715461
5:51,290.0625241,24.35617187
5:52,285.3219931,30.25696627
5:53,291.8979414,31.46291041
5:54,293.8253138,35.33737899
5:55,289.8535241,32.70126182
5:56,291.0160207,29.60132902
5:57,298.0295172,31.76583774
5:58,296.8420345,29.73359765
5:59,295.0791931,36.88573889
6:00,293.4768414,30.39637223
6:01,292.6068621,25.90721284
6:02,294.8366138,25.86599736
6:03,298.5992586,30.400452
6:04,294.9579828,28.58635545
6:05,286.9215414,26.88221669
6:06,297.5793862,32.74655057
6:07,285.5437,37.8057334
6:08,290.6886966,38.63594432
6:09,307.0240586,43.9912024
6:10,295.7237241,29.37527347
6:11,293.7009379,26.65824851
6:12,294.931,28.31776668
6:13,292.087269,31.36640086
6:14,296.4499517,29.87457766
6:15,302.5998448,28.90290291
6:16,302.5269655,28.7447606
6:17,299.9135793,26.06443955
6:18,299.2532793,25.86997481
6:19,291.8642862,26.18084268
6:20,294.5016,28.79829968
6:21,292.6674034,29.21927422
6:22,290.6990448,26.22270816
6:23,293.4752759,34.14704875
6:24,295.3303517,29.9311346
6:25,296.1493793,23.7804021
6:26,297.2962034,27.17174621
6:27,297.6428621,29.19033073
6:28,294.201,25.60715439
6:29,296.9022724,31.43662809
6:30,297.3984586,26.69610424
6:31,297.9295207,28.91279408
6:32,299.8876862,25.19849059
6:33,303.3970966,27.85912737
6:34,302.5621862,29.96264756
6:35,303.9190828,27.74522319
6:36,301.6144241,30.53066351
6:37,303.5742552,23.46046017
6:38,300.0040483,22.91222515
6:39,301.6187586,27.03359473
6:40,301.1938759,31.31235471
6:41,300.9402931,29.91629023
6:42,306.418931,29.88585846
6:43,299.5594586,25.52615591
6:44,299.9122172,25.68146432
6:45,304.2377793,27.21137257
6:46,304.1628207,23.43053521
6:47,296.5767034,27.31947745
6:48,299.9975966,27.12874823
6:49,299.3985966,28.90754086
6:50,300.1303586,29.97286474
6:51,300.2516207,26.03554248
6:52,299.0068103,28.93096456
6:53,300.7901379,28.58893914
6:54,299.9610379,26.00471364
6:55,296.1688931,25.99503318
6:56,301.6994172,27.54792805
6:57,298.6481793,28.94665848
6:58,295.5526966,30.40871268
6:59,306.259931,36.17806194
7:00,306.2714379,25.69431177
7:01,306.7067448,29.17413737
7:02,306.8453448,31.21051862
7:03,312.3051483,32.20806883
7:04,305.5201069,29.92540903
7:05,302.8040276,27.29011875
7:06,301.2643828,28.70621035
7:07,307.0395966,21.69262212
7:08,313.0359621,24.85848332
7:09,313.7639793,25.24806162
7:10,301.0751931,23.65048856
7:11,307.6846586,23.88255339
7:12,310.628931,28.48034041
7:13,307.8246414,32.16331647
7:14,301.5936138,25.40943905
7:15,307.7405931,28.09179884
7:16,307.3230276,22.01633249
7:17,305.3958862,27.23639564
7:18,303.7820862,17.92675198
7:19,297.6089931,25.91008241
7:20,302.1080483,25.31806431
7:21,306.2872793,20.20316667
7:22,296.9382828,23.46748674
7:23,287.0832207,44.12045094
7:24,313.1937552,54.14797247
7:25,298.6381552,32.64155994
7:26,300.4019207,30.3470738
7:27,303.751969,33.46712226
7:28,303.2124138,25.11272568
7:29,294.5797897,23.00980234
7:30,299.1515207,26.96835373
7:31,298.6601345,23.58101941
7:32,300.7451897,22.12928267
7:33,306.9759621,19.51055871
7:34,300.752,23.54379976
7:35,303.0295759,20.84131799
7:36,306.8297724,26.41541918
7:37,314.4386586,26.3379213
7:38,305.4908414,25.84555908
7:39,309.351569,21.91447781
7:40,307.7861069,26.18907177
7:41,312.0697241,26.54092788
7:42,304.2779586,20.68511066
7:43,312.7160379,27.86217989
7:44,308.4540379,30.21547072
7:45,308.3571724,26.31808216
7:46,309.094331,28.37446544
7:47,305.8070345,20.50612579
7:48,307.4570448,27.72304689
7:49,309.3473966,26.17191277
7:50,301.1373448,23.89086991
7:51,305.9493828,21.23204523
7:52,306.7828931,25.19649489
7:53,305.2668172,25.52648757
7:54,307.8984172,22.97326677
7:55,306.7585966,29.3650178
7:56,314.5310517,24.13127474
7:57,307.813969,24.19591004
7:58,304.4640862,19.29441158
7:59,305.1861517,32.33176778
8:00,315.1364862,28.7048865
8:01,304.2996897,33.15113197
8:02,303.6737103,28.95305787
8:03,306.5433793,24.34377655
8:04,306.7770931,27.03029011
8:05,310.0808345,23.5454481
8:06,307.8248103,32.4077239
8:07,304.7351414,28.86639857
8:08,298.0086517,25.75703626
8:09,297.6080414,28.45473671
8:10,303.1865345,24.05921901
8:11,313.3928276,31.92698173
8:12,312.255131,29.53987512
8:13,312.3747517,25.69488294
8:14,310.6621517,28.89335983
8:15,310.8147862,28.94561932
8:16,302.8827862,30.53167311
8:17,302.8994897,26.24664796
8:18,301.4105517,25.80147849
8:19,305.3266207,24.68154164
8:20,298.7443621,26.1803434
8:21,297.893431,20.22675209
8:22,301.6987793,23.32433348
8:23,301.5924724,25.42911313
8:24,301.7704034,22.42463133
8:25,297.9490034,28.16831093
8:26,306.7703552,34.262189
8:27,303.6495345,26.31003756
8:28,297.8172724,24.86681035
8:29,304.2255655,26.60748823
8:30,305.0670483,21.07779309
8:31,291.7871034,25.79846901
8:32,305.0398793,29.42270343
8:33,305.7607138,20.12445063
8:34,305.0613552,33.52659941
8:35,300.2520621,30.40025144
8:36,300.694231,25.54253796
8:37,304.0470241,23.27858932
8:38,305.8736966,28.84766329
8:39,308.997031,26.40751217
8:40,295.6956034,27.86534415
8:41,303.2630655,26.56949777
8:42,302.3701276,24.31871583
8:43,303.9119862,27.55898165
8:44,306.6575483,24.54379732
8:45,301.2728276,26.48995986
8:46,308.2641828,25.29952666
8:47,309.5018172,30.21803731
8:48,307.0097414,31.89746803
8:49,304.1805379,29.67175362
8:50,306.3178034,22.80421405
8:51,302.5778897,24.29437794
8:52,307.7911586,25.79201368
8:53,302.3188103,41.49163477
8:54,316.0548552,35.73643445
8:55,307.365731,29.84109824
8:56,308.514169,24.2195846
8:57,305.2021241,26.51941998
8:58,302.6099483,29.76755196
8:59,310.4625724,29.02643208
9:00,308.9542759,24.98667606
9:01,306.2814621,33.21229382
9:02,305.8972138,28.94572209
9:03,306.4485207,20.31121033
9:04,311.3708897,27.52406054
9:05,309.9194552,25.50820697
9:06,312.4661655,24.3920362
9:07,312.3570621,27.59051596
9:08,309.213969,32.04210112
9:09,307.1910655,27.52667008
9:10,312.9834862,23.58674546
9:11,307.8497172,35.35093697
9:12,314.0022483,37.92508832
9:13,306.7534621,27.63178829
9:14,304.1443759,30.12747552
9:15,311.0514862,24.57533804
9:16,302.3038724,24.51041295
9:17,301.0521828,23.55605841
9:18,306.1763034,27.40562932
9:19,303.1919276,31.32515393
9:20,299.8658724,24.03873422
9:21,300.8636897,25.84456558
9:22,302.1702345,26.74708486
9:23,306.2413517,29.09944662
9:24,309.1420379,19.68592819
9:25,305.0090276,21.15562433
9:26,306.8130552,25.23046268
9:27,306.7427138,34.32462721
9:28,299.9490793,32.38241496
9:29,302.2060966,25.86074978
9:30,309.8673241,20.42443389
9:31,312.1010862,25.33929978
9:32,308.3348414,27.22405437
9:33,305.6850655,24.47168446
9:34,307.9601448,26.34351752
9:35,310.3909172,27.64045718
9:36,312.9167621,28.60166203
9:37,310.7796345,24.74311309
9:38,309.7973586,31.55707175
9:39,310.1931552,29.00030684
9:40,305.6152552,22.45803544
9:41,305.9740724,20.40595409
9:42,308.8591241,30.68845575
9:43,306.4012931,28.27186986
9:44,300.8003379,27.04423157
9:45,308.8038586,26.99601064
9:46,309.9499448,26.28831739
9:47,309.0674828,27.92934445
9:48,309.0906759,32.45668654
9:49,311.0098276,27.98256722
9:50,308.1621207,22.8476667
9:51,309.2389172,21.91746172
9:52,310.2582276,30.68910433
9:53,301.2836103,35.21653879
9:54,322.2931172,38.29442315
9:55,312.7058552,29.58221652
9:56,318.4663,29.02125575
9:57,317.3608966,23.06815407
9:58,307.828069,26.3458124
9:59,317.1220276,28.79327819
10:00,309.4294276,28.44180003
10:01,311.1098207,25.39912312
10:02,312.470669,29.06126842
10:03,325.3990793,32.50934078
10:04,316.7633414,31.31341513
10:05,315.5592207,30.16394283
10:06,321.6058379,28.48305633
10:07,319.8754448,29.69780566
10:08,316.0140138,31.823003
10:09,316.2527172,31.53861216
10:10,307.2996828,26.70961607
10:11,311.3813138,27.23376762
10:12,313.9187621,26.83303761
10:13,314.9204724,28.95982204
10:14,312.4126724,32.87569713
10:15,317.5496276,31.15317052
10:16,311.9240483,33.48267218
10:17,307.2490379,27.08458329
10:18,308.8925172,26.80245428
10:19,307.6371034,30.37744988
10:20,311.5213862,27.12901547
10:21,310.5716724,27.51414349
10:22,309.5088517,29.75872578
10:23,310.5579414,26.7581236
10:24,313.9803379,28.50658297
10:25,309.762631,24.44807992
10:26,311.2799241,32.63321535
10:27,310.428031,29.39283385
10:28,309.9428483,29.26458988
10:29,310.9269069,29.25236561
10:30,310.6968,28.42443349
10:31,311.3522241,36.2423388
10:32,314.2451552,32.66521964
10:33,313.2345069,30.238919
10:34,319.4831448,31.42640092
10:35,321.0215241,32.28385169
10:36,318.4685069,32.35821896
10:37,319.6332069,30.07367724
10:38,308.5767,36.82967167
10:39,321.2237,39.13971371
10:40,312.654931,23.83265517
10:41,316.5377793,30.86781247
10:42,313.4698207,40.63845221
10:43,316.9955414,39.05234653
10:44,316.9154241,28.78926175
10:45,319.0572966,25.49844118
10:46,318.1955828,28.45108307
10:47,321.2421586,33.42912203
10:48,322.6123655,31.30806538
10:49,319.0277586,30.65427369
10:50,315.8228621,25.79980421
10:51,319.1836276,23.51839998
10:52,304.6213379,39.41427998
10:53,321.5863276,39.19485041
10:54,319.3623069,24.90240588
10:55,314.7913966,30.02094981
10:56,317.9621828,31.77216646
10:57,319.6898793,30.93997065
10:58,315.2155793,29.21306257
10:59,316.4222517,39.35432558
11:00,325.8520276,47.98892531
11:01,312.4947345,27.51884295
11:02,322.5824862,29.53617989
11:03,318.355031,24.98140661
11:04,320.0940207,26.96568564
11:05,319.5247241,28.9313088
11:06,324.2823414,29.98352153
11:07,319.1611828,24.50445411
11:08,317.5580138,26.63305291
11:09,317.6446103,23.01258684
11:10,315.7033793,32.52243371
11:11,309.343431,45.16504164
11:12,331.1366069,54.51857096
11:13,307.7820862,37.27781396
11:14,325.3624828,46.47199327
11:15,325.4095379,27.50360182
11:16,326.4363345,29.30085381
11:17,326.5637483,42.44660157
11:18,320.8415862,33.75624447
11:19,318.3548448,28.09193657
11:20,314.9491517,29.242793
11:21,311.4341241,24.77749501
11:22,308.8461448,31.10439666
11:23,311.1471448,32.48888182
11:24,311.5947897,27.26343517
11:25,307.9635483,29.85813667
11:26,312.8011034,25.34532563
11:27,313.804269,37.93372973
11:28,319.4904379,44.71230443
11:29,315.8688759,22.90436582
11:30,315.0751103,27.86532992
11:31,306.8719379,25.36506979
11:32,310.0420862,30.40629599
11:33,307.489131,26.99672443
11:34,306.6829,23.26936172
11:35,314.427569,24.0943156
11:36,312.0284966,34.37654144
11:37,315.3814345,28.90952928
11:38,314.205931,25.88782945
11:39,313.2970483,27.97815976
11:40,307.1241069,39.55825055
11:41,325.5358897,41.33438125
11:42,313.8929966,30.21180267
11:43,311.8702241,27.14189017
11:44,317.2684621,30.28647533
11:45,312.778531,27.98600754
11:46,313.954269,29.66066115
11:47,319.7822138,32.14315787
11:48,316.8157828,28.06400706
11:49,310.2147276,32.54051875
11:50,309.0240172,36.0091715
11:51,309.9391621,31.47527518
11:52,307.5193897,31.51706562
11:53,306.8021138,29.10316418
11:54,310.6968207,22.91237718
11:55,307.0211724,26.24137462
11:56,316.0723241,30.6743331
11:57,308.5031276,25.58158389
11:58,308.681331,27.13563094
11:59,313.895169,27.0574492
12:00,308.6051828,30.55789177
12:01,311.1799034,25.78847046
12:02,313.1735931,32.97825594
12:03,316.4445586,25.7246115
12:04,309.1733862,26.37954491
12:05,313.9806207,29.43187445
12:06,312.9728828,29.75163548
12:07,314.3678966,32.96750949
12:08,316.1781724,29.01032507
12:09,305.0168586,30.23290378
12:10,306.0992759,30.98952893
12:11,303.830569,42.70866751
12:12,314.7975966,41.70855558
12:13,310.0062276,30.62197184
12:14,311.250831,28.33436556
12:15,310.0197345,32.2766402
12:16,302.7572897,29.27349952
12:17,298.9490724,37.67957775
12:18,311.268831,36.46453341
12:19,301.4851621,28.50708448
12:20,300.4132966,29.62945703
12:21,296.7056793,31.0410727
12:22,297.1037862,32.55159595
12:23,301.2501,25.61670207
12:24,296.3627724,25.74684245
12:25,298.3135207,30.75255201
12:26,295.3687897,30.12389714
12:27,298.8102966,32.49683019
12:28,295.593231,30.29366639
12:29,297.5825586,33.105897
12:30,305.2353655,39.95450061
12:31,294.3160103,33.94425035
12:32,303.2322172,31.13947198
12:33,307.796469,25.80768546
12:34,301.4524345,26.71177196
12:35,288.2226966,37.80922778
12:36,304.5948414,38.02609679
12:37,299.2370414,28.65688687
12:38,292.0740724,36.21740239
12:39,308.3075448,40.9254093
12:40,296.4011345,27.28787529
12:41,293.4556103,31.86710956
12:42,308.5378276,40.92998407
12:43,301.1237241,27.40309462
12:44,299.4881483,30.29019261
12:45,296.6101759,35.05288098
12:46,295.7436483,28.16426927
12:47,306.5158552,32.85251168
12:48,296.4338,22.02451676
12:49,291.316769,27.24579018
12:50,288.9650655,43.12902932
12:51,299.9415655,42.3130306
12:52,289.3146448,31.10310822
12:53,288.0051621,31.02995566
12:54,290.9821069,30.43386536
12:55,288.5686552,26.47891356
12:56,292.5442069,23.52821189
12:57,305.6806759,34.96574507
12:58,291.1174483,33.8257137
12:59,290.1355138,29.01288534
13:00,294.5105517,30.16005966
13:01,293.9938724,29.81067406
13:02,293.7975103,28.47269124
13:03,298.0524517,30.92068326
13:04,294.7218276,29.7110226
13:05,297.8625172,28.18877378
13:06,289.8069103,36.462451
13:07,290.0471586,25.60135651
13:08,285.6919276,38.57844162
13:09,300.2044621,43.08132802
13:10,289.527569,33.43148861
13:11,296.0366069,30.4773028
13:12,290.9132655,25.56635379
13:13,291.1189103,29.42666705
13:14,294.4664517,22.12461112
13:15,297.4086966,29.72599749
13:16,289.1525931,26.63976642
13:17,286.7325759,28.57621256
13:18,288.1705586,26.74121237
13:19,287.9548862,23.90767791
13:20,282.6813276,25.10800217
13:21,285.3736069,23.8607845
13:22,280.3679414,27.55156525
13:23,287.7136724,33.53989333
13:24,288.5812414,33.08925369
13:25,284.7362552,34.17792417
13:26,284.7698483,29.80263644
13:27,285.877331,31.96332102
13:28,281.6014862,32.17232254
13:29,283.7946138,34.48080924
13:30,282.3058276,29.20793353
13:31,285.6922931,33.52106201
13:32,285.0281103,28.26518414
13:33,288.4307862,30.03505562
13:34,282.2118828,27.72318969
13:35,288.9953862,29.0656287
13:36,287.0678931,24.95037399
13:37,288.3396931,30.79242815
13:38,279.7071724,38.89859915
13:39,290.7223966,43.52763868
13:40,285.433031,28.7546196
13:41,289.8849655,30.90863838
13:42,293.3160069,27.17209392
13:43,284.6232448,27.30933151
13:44,289.0363241,29.39754734
13:45,290.4559552,31.6326202
13:46,286.3336,26.89844469
13:47,290.8026138,27.09671239
13:48,287.209,29.14869636
13:49,289.0606069,28.13803996
13:50,291.1574414,31.06589929
13:51,288.2096552,31.41883745
13:52,281.0517759,32.1142546
13:53,286.2211034,30.91745199
13:54,287.8464345,28.8271727
13:55,286.2096138,27.57706387
13:56,281.1162448,29.07868003
13:57,289.9173517,27.70018087
13:58,286.2512966,28.61638455
13:59,290.5309172,31.94482268
14:00,288.630031,29.50392047
14:01,283.5426586,33.20243752
14:02,288.4617517,30.33119044
14:03,285.0705172,27.09668275
14:04,282.8833,27.22460869
14:05,285.9620759,25.89420281
14:06,289.7728586,24.28705748
14:07,291.6418897,27.39358682
14:08,285.633969,36.62006589
14:09,298.4958793,39.08634823
14:10,279.4866931,28.14696533
14:11,286.3060586,27.01645102
14:12,285.872569,25.96252249
14:13,287.1078,23.52044328
14:14,289.2004448,31.34155335
14:15,285.4337483,33.82029603
14:16,285.7793448,25.43789021
14:17,285.4461276,36.38682039
14:18,288.3237517,35.07496913
14:19,285.5328483,27.33996232
14:20,279.4281207,34.36988126
14:21,281.3235828,34.24142256
14:22,284.4347103,28.38779146
14:23,282.2467379,28.11079364
14:24,282.0163759,28.4657076
14:25,279.3800897,28.1509893
14:26,286.5666862,27.98883558
14:27,286.8945828,31.92575332
14:28,279.629669,30.75400951
14:29,284.8044069,32.92422051
14:30,286.2923724,39.19828158
14:31,283.1271,29.75912295
14:32,286.1815966,32.7151881
14:33,291.6305172,31.82712416
14:34,292.5901586,32.88183165
14:35,289.9266793,26.44962466
14:36,291.0282759,27.89433562
14:37,292.3409862,27.73963477
14:38,290.3120345,26.84756591
14:39,291.3720621,27.79098781
14:40,291.6000345,32.64064986
14:41,289.4923414,41.07214631
14:42,299.6248069,41.40083702
14:43,290.9734448,26.72062374
14:44,296.0947276,34.58607209
14:45,297.7762414,32.7695279
14:46,292.9180448,31.86467767
14:47,298.3619621,30.19697248
14:48,294.1599,31.49476809
14:49,291.0154931,29.27367015
14:50,295.2249793,33.20345151
14:51,293.0176414,28.64197167
14:52,292.581669,28.64229407
14:53,293.3376207,34.18018057
14:54,293.470231,28.0549934
14:55,301.1171034,33.94081383
14:56,302.874931,31.22263849
14:57,302.4526034,29.59498584
14:58,300.8851069,29.97070197
14:59,296.993131,36.93275086
15:00,296.135669,28.72138316
15:01,304.2183276,27.53175701
15:02,305.8655241,27.30257557
15:03,302.5893724,30.08246946
15:04,301.4798034,32.4407563
15:05,304.0043172,35.43331214
15:06,306.8755,33.01017889
15:07,309.6540138,32.49241459
15:08,284.9864379,46.21226239
15:09,317.0511759,64.3909176
15:10,299.2702793,36.84824919
15:11,301.2781448,32.89689397
15:12,306.3578759,32.384619
15:13,297.5401448,27.1113102
15:14,299.578231,31.05898277
15:15,300.0794483,33.58890225
15:16,303.3345103,36.77365822
15:17,302.7745759,36.66603286
15:18,305.7996966,27.47771611
15:19,299.5124586,34.9181534
15:20,301.1027552,31.34303574
15:21,297.2780655,38.24633287
15:22,292.0417966,33.23317211
15:23,297.184469,32.50460791
15:24,296.7900103,33.54758624
15:25,295.7642862,26.47970125
15:26,298.9301897,29.48968602
15:27,304.7761655,36.73678268
15:28,295.6692414,31.74132071
15:29,298.6463207,33.83218838
15:30,304.4176862,33.47615581
15:31,300.6395759,32.44142516
15:32,299.7099931,42.69734066
15:33,310.0562207,46.39317749
15:34,303.9572793,27.63269255
15:35,304.4133241,36.1733673
15:36,306.3873,27.30144495
15:37,302.8847586,30.7785255
15:38,307.5058414,32.36052805
15:39,314.492269,34.27474217
15:40,309.4080103,33.55910918
15:41,302.8823414,33.34182191
15:42,304.3282,32.33007137
15:43,303.2593655,29.51614196
15:44,304.4347828,31.65765524
15:45,305.0338586,32.26775669
15:46,310.5609414,38.21720328
15:47,306.6322103,33.62906836
15:48,310.7729345,32.77293115
15:49,309.1839207,32.92189277
15:50,311.9433793,27.09364632
15:51,310.697131,34.363862
15:52,309.9054759,34.36431292
15:53,305.1820448,31.07046489
15:54,308.2823345,33.39268391
15:55,305.4762207,30.45327632
15:56,311.4139241,27.09926622
15:57,311.2198552,30.83221236
15:58,314.8929655,33.99286833
15:59,310.0440241,31.55162783
16:00,309.0533172,29.74832091
16:01,306.5195448,27.63626843
16:02,307.5453897,29.99878369
16:03,311.0889345,31.41685068
16:04,304.8037172,27.23988222
16:05,309.8181724,29.28676764
16:06,311.3696517,28.56209658
16:07,310.3460241,29.65026244
16:08,303.1720172,42.99507085
16:09,314.8874414,48.2075445
16:10,311.3132931,30.09057147
16:11,308.2644241,31.36464685
16:12,308.2097069,29.84951897
16:13,308.9695448,32.23412066
16:14,309.6016793,33.97322425
16:15,309.8444345,26.49779005
16:16,316.9382621,32.70556698
16:17,308.6348448,30.29755665
16:18,312.9168207,35.44202356
16:19,303.0457862,33.86494001
16:20,301.0484552,33.64335178
16:21,304.7915241,30.20985432
16:22,300.2863586,29.34332635
16:23,301.5776655,33.33179665
16:24,310.0571,30.51914918
16:25,299.9032931,29.8923697
16:26,297.0362414,28.2069383
16:27,299.9369448,35.30570994
16:28,304.989231,34.53395288
16:29,305.4549483,35.27247063
16:30,308.6768103,32.32147378
16:31,304.2326241,27.63149986
16:32,299.7282897,29.66506737
16:33,313.2128241,31.3315827
16:34,305.0627966,33.88859141
16:35,308.3970069,22.39762309
16:36,306.5233345,32.43931903
16:37,306.6971414,34.33481819
16:38,304.0578276,29.72256964
16:39,305.6120414,26.70875013
16:40,301.5559862,30.01905726
16:41,306.6600414,33.39638076
16:42,300.9553759,25.94880407
16:43,309.2175207,21.86261977
16:44,306.8610966,27.20646566
16:45,300.4446621,28.15710865
16:46,300.9758724,30.40936003
16:47,308.6833897,34.2602287
16:48,308.3480897,32.48088799
16:49,303.8627828,34.38199565
16:50,297.9268448,34.15883501
16:51,301.0644069,32.92043255
16:52,298.9423621,36.47751503
16:53,295.7066345,41.81304431
16:54,309.4907379,35.88760671
16:55,299.9854931,27.72394224
16:56,305.1001793,31.29005377
16:57,311.9893103,29.63177842
16:58,304.1111483,31.73653159
16:59,306.4978655,37.05458131
17:00,298.2164172,32.53778304
17:01,307.4966483,32.84035443
17:02,306.9631793,34.7207851
17:03,305.8250552,30.55896263
17:04,303.8610793,32.68756036
17:05,305.1004931,30.78963689
17:06,302.8020552,23.17333687
17:07,299.2813724,30.60173623
17:08,298.9186,27.93705819
17:09,301.9649655,33.51398066
17:10,303.9054276,29.27354146
17:11,307.7030759,31.76661889
17:12,301.7763586,34.31289684
17:13,305.2944345,31.53993046
17:14,301.6256448,25.69117745
17:15,300.5663552,28.36416019
17:16,297.6873759,27.54666235
17:17,298.6577828,34.75288847
17:18,292.8200793,31.61493949
17:19,287.8368345,31.32648003
17:20,283.9909517,27.99256027
17:21,284.1148793,28.09771234
17:22,281.8624483,25.17962726
17:23,279.095331,37.60896501
17:24,292.913931,42.97490444
17:25,285.0979034,24.12008865
17:26,291.3283103,31.78033892
17:27,294.8476655,27.90721428
17:28,287.4274793,25.84212203
17:29,286.6994241,25.0716525
17:30,290.4133724,29.7308427
17:31,293.6231897,28.69450878
17:32,277.6806276,38.13505321
17:33,289.5842966,34.87183786
17:34,281.256131,24.03779395
17:35,287.7589586,30.93287609
17:36,286.7796724,24.65159542
17:37,290.6153793,26.25291627
17:38,287.8206241,28.77736305
17:39,282.0408138,27.39955897
17:40,283.1344517,22.42858435
17:41,283.6555414,32.28725556
17:42,282.7175931,30.48209794
17:43,279.539469,28.87283447
17:44,288.1089241,26.59613817
17:45,285.7429724,27.41609692
17:46,282.3866759,27.81599906
17:47,286.5455586,25.93074379
17:48,279.4554276,25.91216896
17:49,281.118731,35.45825717
17:50,277.8112483,22.17840702
17:51,278.6957621,29.99508827
17:52,279.5833241,31.76778438
17:53,276.512969,36.66379952
17:54,288.1841759,39.52204088
17:55,285.2251655,27.53898456
17:56,274.7760207,24.59810878
17:57,278.0822759,31.07138992
17:58,278.2165828,32.17158818
17:59,273.5193483,27.73001834
18:00,275.2155345,25.91362377
18:01,272.7045724,32.84289835
18:02,276.780869,32.74177257
18:03,272.8526,30.97710958
18:04,276.2449276,27.99960563
18:05,276.3924207,30.08719112
18:06,274.4363828,26.20532931
18:07,274.1946345,29.8410599
18:08,271.0375276,33.05488045
18:09,270.0337931,36.73111192
18:10,268.1808483,29.59851201
18:11,269.5264828,28.97128895
18:12,268.4539586,31.90291087
18:13,274.4415414,30.58703041
18:14,266.0554517,32.15968777
18:15,265.4140828,36.15267541
18:16,261.9541138,25.6155253
18:17,263.8594724,26.46553379
18:18,261.3968138,30.32104968
18:19,256.6931724,34.29266597
18:20,258.8154931,31.09483929
18:21,249.5974276,26.5278044
18:22,256.2034379,28.1355804
18:23,261.1062621,25.66287689
18:24,254.2447448,28.15737263
18:25,255.4397621,30.71589712
18:26,255.5582552,29.00343121
18:27,257.8115345,29.90172683
18:28,254.5361655,24.60912751
18:29,257.6278552,22.37829159
18:30,251.6126862,23.88087721
18:31,253.3707793,27.03971443
18:32,259.464,31.31171548
18:33,256.9397966,28.1685937
18:34,252.2191483,24.8727024
18:35,253.5944793,23.5353187
18:36,258.4096172,30.08397606
18:37,256.1591552,30.56077318
18:38,256.4757207,28.01925996
18:39,254.9156655,26.80417627
18:40,244.5016862,26.25818097
18:41,248.9937931,23.4300848
18:42,253.1058931,28.82752717
18:43,245.6977828,23.29601586
18:44,252.7139759,26.20798013
18:45,248.3031517,26.88646611
18:46,242.5621345,28.33217954
18:47,243.3577552,29.53466548
18:48,245.6604207,23.38366261
18:49,240.3446241,26.00185325
18:50,239.2215655,27.24435747
18:51,240.8062552,28.38601576
18:52,236.7106414,21.88500476
18:53,242.4048828,29.36227996
18:54,239.2903241,23.07190153
18:55,236.6889483,27.84997919
18:56,234.6098241,25.49047824
18:57,237.4520966,25.97780883
18:58,236.1921862,21.71226163
18:59,234.0031034,23.67550759
19:00,234.6172379,28.77572173
19:01,237.0197655,23.60414383
19:02,235.6866034,26.36396376
19:03,230.7064793,28.18362575
19:04,233.9871828,28.12003199
19:05,235.8514759,26.6029973
19:06,238.3288517,21.10347824
19:07,231.3071793,28.95302249
19:08,231.7703172,25.55291239
19:09,227.7751207,27.17132126
19:10,230.3193103,21.8039316
19:11,228.1037552,26.11717806
19:12,230.4498793,20.0325498
19:13,225.5167345,24.24586133
19:14,229.5636379,26.47576812
19:15,226.6462241,25.40998622
19:16,226.2374586,24.3588951
19:17,225.2593862,25.23953485
19:18,218.2081586,22.50460561
19:19,219.8302724,20.87011274
19:20,220.2117321,21.96174129
19:21,223.5718071,22.71131013
19:22,217.437575,22.48299708
19:23,216.9208643,24.55938634
19:24,223.8470071,25.01392644
19:25,219.6130929,25.01865048
19:26,218.21035,27.26545208
19:27,219.28215,24.56803392
19:28,214.9079786,27.41443587
19:29,209.3730893,20.32877419
19:30,214.4736179,20.759905
19:31,210.5171821,20.37755101
19:32,216.4515429,24.29416257
19:33,215.8387036,21.06762776
19:34,213.1447286,26.86906516
19:35,214.0293571,27.75904542
19:36,212.3858536,26.11592234
19:37,207.7413571,26.77732518
19:38,208.9971679,27.30485847
19:39,211.9364643,25.94557252
19:40,209.5512107,23.81809937
19:41,205.7337286,20.98971688
19:42,208.386875,21.19959116
19:43,204.4064036,22.10621454
19:44,203.9428607,28.17651807
19:45,210.8357143,22.6232721
19:46,208.94135,24.09735777
19:47,203.1235464,23.57259423
19:48,203.14615,28.38365927
19:49,197.6130536,25.35580774
19:50,202.6260821,19.20113291
19:51,196.9134,28.50275144
19:52,206.61745,23.89069678
19:53,200.1775214,29.11675005
19:54,203.4922071,32.2048015
19:55,198.7979357,22.88883105
19:56,196.4908464,21.67619939
19:57,193.468825,28.36828835
19:58,191.4741857,24.35948407
19:59,197.8543536,26.11518817
20:00,194.9632714,22.1749094
20:01,198.6262964,18.75257445
20:02,197.2923107,22.34463035
20:03,195.9102214,25.59707836
20:04,193.47355,24.6049826
20:05,190.7070857,23.2737137
20:06,189.1698857,19.28757591
20:07,195.2480607,23.46778423
20:08,190.3903143,23.84749367
20:09,197.082775,19.80492556
20:10,188.91815,21.77880849
20:11,188.8738571,24.8066568
20:12,186.7710214,23.19608859
20:13,182.4874179,23.53263075
20:14,183.9607929,25.77579087
20:15,181.4445679,20.96897064
20:16,182.1370643,23.29511707
20:17,178.5103643,24.70045341
20:18,185.0813286,31.48470656
20:19,181.0803214,20.86554635
20:20,172.3845138,23.8887019
20:21,175.8882724,22.5332614
20:22,171.6644241,20.8749209
20:23,172.0562103,17.78117349
20:24,177.7130966,21.95633713
20:25,172.8013241,22.11532121
20:26,172.4032586,22.67639892
20:27,174.0988,20.88829325
20:28,172.8910793,20.20747391
20:29,169.6484276,23.06940136
20:30,167.9230103,26.26480024
20:31,166.6893483,23.38867412
20:32,174.9934345,23.66944428
20:33,168.6791931,24.22025736
20:34,171.8000897,22.4682742
20:35,173.8588414,23.90329712
20:36,175.3511931,24.27693799
20:37,174.4030897,23.55800054
20:38,165.1357517,24.4506009
20:39,170.8661793,27.92134503
20:40,165.4905897,21.88139768
20:41,165.7788448,19.36801308
20:42,163.5746138,18.66094752
20:43,162.6586379,19.97742802
20:44,167.2061724,19.11700373
20:45,166.4527276,22.38277641
20:46,166.5149897,27.45589512
20:47,165.5340621,25.45367203
20:48,164.3182793,19.8544273
20:49,156.8811724,19.51660726
20:50,156.3818759,18.33421737
20:51,159.3748655,23.02130786
20:52,159.2494414,19.11854628
20:53,159.0609828,20.63342633
20:54,162.1254759,22.80877815
20:55,161.5599379,22.75257223
20:56,156.1714759,19.21511017
20:57,156.3251655,19.96959798
20:58,157.3709966,18.98478184
20:59,155.9884276,16.90466134
21:00,155.5331138,16.10792643
21:01,153.0749621,15.6223322
21:02,152.2418448,15.60115484
21:03,153.7787621,19.83451499
21:04,151.4574103,19.94259053
21:05,150.8772517,18.56750089
21:06,152.9607862,18.44514409
21:07,151.6272621,21.24512902
21:08,148.7666793,16.40224695
21:09,150.326531,15.15839716
21:10,147.7148586,16.09817563
21:11,146.5472517,19.61611602
21:12,147.2867138,16.90946824
21:13,147.158,16.58966941
21:14,146.5684759,18.18833884
21:15,146.7408517,19.19494225
21:16,146.7057,16.33234047
21:17,148.1668517,19.28431716
21:18,147.3714241,19.13450846
21:19,145.370569,18.40809724
21:20,143.5776828,16.26073437
21:21,144.8502138,16.90538206
21:22,143.0016414,17.79800762
21:23,141.0106034,18.51298775
21:24,142.0438552,14.584303
21:25,137.1765621,13.973102
21:26,140.3593517,18.78599416
21:27,141.2722448,17.88913928
21:28,139.5493,18.51945601
21:29,141.4202448,15.62396018
21:30,140.9177862,16.82830256
21:31,141.8302724,15.93842646
21:32,144.6704414,16.09236452
21:33,144.2048172,18.41394143
21:34,138.6684931,16.59238529
21:35,138.0036414,19.08530506
21:36,146.6379586,16.92208396
21:37,139.0795172,16.60573543
21:38,136.6215,16.94165743
21:39,137.4171276,16.13011532
21:40,134.6963828,14.61017838
21:41,135.877169,18.1343391
21:42,137.4612897,14.38408565
21:43,138.8160172,17.32056453
21:44,132.4811586,16.92591297
21:45,131.5962517,14.66299431
21:46,137.6175931,17.96767688
21:47,135.2039414,16.1885874
21:48,134.4570828,17.64353536
21:49,132.3339793,17.29149206
21:50,132.9194966,17.58714266
21:51,134.8868379,17.52232072
21:52,132.7711414,13.58669716
21:53,131.7850966,15.90375044
21:54,128.9482448,15.95551702
21:55,128.5188724,13.89303712
21:56,130.4536069,15.51579965
21:57,135.0478448,14.53397426
21:58,127.784069,13.74234766
21:59,129.2020241,15.85118963
22:00,129.5555517,12.89150381
22:01,128.6113034,15.16801772
22:02,127.5389552,13.2021648
22:03,128.4908138,12.38256008
22:04,124.666269,13.18355858
22:05,125.0583483,13.40703299
22:06,128.6148172,15.92176256
22:07,128.9270655,11.003062
22:08,126.1323379,14.83189432
22:09,126.1429517,14.07285973
22:10,125.4063345,14.73280642
22:11,122.9603345,15.73732127
22:12,125.1655586,13.78423418
22:13,124.6670448,10.54284117
22:14,125.339731,13.11956405
22:15,125.7911621,12.55930416
22:16,124.6037586,12.96962279
22:17,126.0517828,13.08795617
22:18,122.2756828,11.16893253
22:19,124.363169,12.35006737
22:20,119.0201862,12.53583833
22:21,123.0149862,12.75293449
22:22,125.5112,12.41480424
22:23,122.3571828,13.11569193
22:24,121.6851241,13.45921339
22:25,117.478069,15.46973986
22:26,117.7266724,11.40597531
22:27,120.3498621,11.57887509
22:28,116.4048862,11.86479896
22:29,118.1374483,12.34141342
22:30,121.1005966,14.56403457
22:31,118.935169,14.69515402
22:32,120.1857759,13.641979
22:33,120.2195586,15.19542543
22:34,119.2526586,13.73812691
22:35,116.1586552,12.86267714
22:36,119.0777828,12.78251641
22:37,116.5078483,14.66355609
22:38,115.2065586,12.14488959
22:39,118.9474276,12.75076172
22:40,115.9687655,13.97998188
22:41,117.359069,14.38954209
22:42,116.3354517,16.09474944
22:43,117.3112517,11.61565609
22:44,116.9909828,9.869958516
22:45,118.5517138,12.01950984
22:46,120.5461828,13.46845504
22:47,121.0797276,14.46802265
22:48,117.9672069,12.39404173
22:49,117.9727586,11.17557279
22:50,115.7529,12.09165654
22:51,115.5272759,11.64727762
22:52,116.3045345,10.03034146
22:53,118.0987069,11.98569823
22:54,115.1436897,10.43171405
22:55,112.6112897,8.058008878
22:56,114.5680207,9.093886079
22:57,116.4133586,10.02326941
22:58,111.2632069,6.787440486
22:59,112.5819793,10.68806243
23:00,113.7730034,10.41990339
23:01,113.7012138,9.70515946
23:02,113.9312,12.5404531
23:03,113.2223138,10.03608571
23:04,115.5186655,13.99568863
23:05,112.9147759,11.24830823
23:06,114.0893517,11.99350052
23:07,115.0990862,11.10665554
23:08,114.1883069,11.5184353
23:09,113.5284862,11.30661925
23:10,112.6614276,12.55756008
23:11,114.9920379,12.98867829
23:12,112.2381724,12.63853667
23:13,110.2916724,11.54372133
23:14,110.1445897,13.47588975
23:15,114.3891448,17.08728411
23:16,113.7915138,14.64765675
23:17,109.4593103,13.21143564
23:18,110.1568103,9.071516932
23:19,109.9096793,8.812850065
23:20,105.4690034,16.61784487
23:21,113.6975724,16.68469038
23:22,107.5729552,11.51117327
23:23,107.5799862,11.5835689
23:24,104.1710552,10.73206734
23:25,106.5721655,10.37215334
23:26,109.2254897,13.60963252
23:27,107.4979586,12.07348068
23:28,108.1849793,11.89683659
23:29,105.4384138,14.03139914
23:30,110.0601759,16.2202103
23:31,110.6197862,12.45647155
23:32,110.6868345,12.10579316
23:33,109.9141448,12.92103969
23:34,109.0167103,11.40518839
23:35,106.1281034,17.75246499
23:36,111.0420069,18.73230836
23:37,109.209531,12.38531229
23:38,108.3322517,10.67151131
23:39,109.9909138,8.032368119
23:40,107.4697069,9.75333748
23:41,105.751569,11.3539913
23:42,109.6500379,12.17779932
23:43,108.2521448,10.36969824
23:44,108.0941966,11.51621019
23:45,105.8586828,8.460125875
23:46,109.4664241,11.1233751
23:47,110.8378345,12.00725285
23:48,107.5967276,12.37836272
23:49,109.8579414,15.46475891
23:50,108.4488655,17.16983204
23:51,108.4815517,19.67278846
23:52,109.5524655,23.95229048
23:53,111.9305621,26.01206219
23:54,111.4931655,26.09665453
23:55,111.0869069,27.20742397
23:56,114.3613207,30.37904824
23:57,112.6052448,28.62614616
23:58,113.3714276,26.82899916
23:59,110.6759345,27.85085817
